City ID,City Name,Country,Lat,Lng,Max Temp,Humidity,Cloudiness,Wind Speed,Date
107304,Buraidah,SA,26.33,43.98,31,35,75,8.2,1585384323
3833367,Ushuaia,AR,-54.8,-68.3,5,80,40,4.1,1585384149
4462716,Cumberland,US,35.05,-78.87,20,82,1,5.1,1585384355
2093967,Kimbe,PG,-5.55,150.14,25.71,87,100,1.16,1585384356
3175860,Gravina in Puglia,IT,40.82,16.42,15,76,20,1.5,1585384356
1649150,Bengkulu,ID,-3.8,102.27,29.11,70,99,2.42,1585384356
2121385,Severo-Kuril'sk,RU,50.68,156.12,1.38,91,100,12.65,1585384356
2027042,Batagay-Alyta,RU,67.8,130.41,-16.77,86,91,1.34,1585384356
1490256,Talnakh,RU,69.49,88.4,-12,85,40,5,1585384357
5546220,Saint George,US,37.1,-113.58,5.56,60,1,1.33,1585384357
2127060,Arman',RU,59.7,150.17,-4.42,96,100,11.63,1585384357
1000543,Graaff-Reinet,ZA,-32.25,24.53,23.33,54,0,0.45,1585384357
2206874,Waipawa,NZ,-41.41,175.52,13,76,100,14.4,1585384357
1651810,Airai,TL,-8.93,125.41,18.95,73,83,0.6,1585384358
934322,Mahébourg,MU,-20.41,57.7,30,70,40,2.6,1585384358
300377,Solhan,TR,38.96,41.03,8,87,75,1,1585384358
5848280,Kapaa,US,22.08,-159.32,23,83,90,7.7,1585384103
3870282,Talcahuano,CL,-36.72,-73.12,11,100,20,1.5,1585384359
502185,Remontnoye,RU,46.56,43.65,15,22,0,10,1585384359
934479,Grand Gaube,MU,-20.01,57.66,30,70,40,2.6,1585384359
2015306,Tiksi,RU,71.69,128.87,-19.66,90,100,0.39,1585384359
2075265,Busselton,AU,-33.65,115.33,21.11,32,29,6.61,1585384360
5880054,Barrow,US,71.29,-156.79,-27,82,1,3.6,1585384360
1805857,Jieshi,CN,22.81,115.83,23.33,67,60,1.34,1585384061
3369157,Cape Town,ZA,-33.93,18.42,22.22,72,75,6.2,1585384184
6165406,Thompson,CA,55.74,-97.86,-14,77,90,2.6,1585384360
4030556,Rikitea,PF,-23.12,-134.97,25.67,79,89,3.66,1585384361
3874787,Punta Arenas,CL,-53.15,-70.92,1,86,5,4.6,1585384361
5122534,Jamestown,US,42.1,-79.24,9,65,90,2.6,1585384361
2071860,Esperance,AU,-33.87,121.9,21,56,40,10.8,1585384362
2171099,Codrington,AU,-38.27,141.97,21.68,52,99,2.02,1585384362
6201424,Mataura,NZ,-46.19,168.86,10,86,2,0.45,1585384362
2163355,Hobart,AU,-42.88,147.33,22,46,55,6.2,1585384263
3831208,Qaanaaq,GL,77.48,-69.36,-15.32,73,100,4.38,1585384362
6113406,Prince Rupert,CA,54.32,-130.32,5,93,90,1.5,1585384362
5301388,Lake Havasu City,US,34.48,-114.32,12.22,40,1,1.5,1585384363
3868707,Valdivia,CL,-39.81,-73.25,13,100,90,0.5,1585384363
964420,Port Elizabeth,ZA,-33.92,25.57,22,56,35,5.1,1585384207
1015776,Bredasdorp,ZA,-34.53,20.04,21,60,0,5.7,1585384363
2025630,Chara,RU,56.91,118.26,-2.88,77,99,2.68,1585384363
1648636,Bitung,ID,1.45,125.18,29,74,40,4.1,1585384098
4034551,Faanui,PF,-16.48,-151.75,28.41,68,11,4.26,1585384364
3372964,Lagoa,PT,39.05,-27.98,14.63,73,83,9.78,1585384364
1310120,Mawlaik,MM,23.63,94.42,41.85,12,1,2.13,1585384364
1507390,Dikson,RU,73.51,80.55,-13.87,95,88,3.01,1585384365
1513491,Yangi Marg`ilon,UZ,40.43,71.72,19,37,98,3.1,1585384365
1282256,Hithadhoo,MV,-0.6,73.08,29.13,67,1,3.94,1585384254
64013,Bosaso,SO,11.28,49.18,29,94,20,3.1,1585384365
6533368,Moranbah,AU,-22,148.05,24.56,62,40,6.71,1585384366
103630,Najrān,SA,17.49,44.13,30,28,55,5.1,1585384366
5866063,Kenai,US,60.55,-151.26,-3.89,57,40,1.5,1585384366
3985710,Cabo San Lucas,MX,22.89,-109.91,19.44,79,70,1.68,1585384366
5855927,Hilo,US,19.73,-155.09,20,82,90,2.6,1585384366
3893726,Constitución,CL,-35.33,-72.42,13.12,80,0,1.43,1585384366
3936088,Lluta,PE,-16.01,-72.01,7.07,32,60,0.09,1585384367
1819729,Hong Kong,HK,22.29,114.16,24,83,40,3.1,1585384306
2033766,Xingcheng,CN,40.62,120.72,7.35,47,0,6.52,1585384367
935215,Saint-Philippe,RE,-21.36,55.77,30,74,33,2.6,1585384368
1735106,George Town,MY,5.41,100.34,34,66,40,5.7,1585384368
3893629,Coquimbo,CL,-29.95,-71.34,17,77,7,2.1,1585384096
1786855,Yatou,CN,37.15,122.38,5.84,55,6,4.21,1585384368
5106841,Albany,US,42.6,-73.97,0.56,80,1,2.1,1585384099
1591474,Bac Lieu,VN,9.29,105.72,31.14,53,17,4.97,1585384315
933995,Souillac,MU,-20.52,57.52,30,70,40,2.6,1585384365
1818051,Anjiang,CN,27.32,110.1,11.58,67,98,1.76,1585384369
2986301,Arrondissement de Pontarlier,FR,46.83,6.25,9.44,57,55,0.32,1585384369
3155152,Gravdal,NO,68.12,13.5,-1.6,86,100,13.86,1585384370
2017155,Saskylakh,RU,71.92,114.08,-21.12,89,12,2.63,1585384370
935214,Saint-Pierre,RE,-21.34,55.48,30,74,41,2.6,1585384370
2022572,Khatanga,RU,71.97,102.5,-9.56,96,45,2.72,1585384370
5610810,Twin Falls,US,42.56,-114.46,2.78,59,75,7.2,1585384340
3614835,Barra Patuca,HN,15.8,-84.28,25.54,78,39,3.44,1585384371
3461425,Ilhabela,BR,-23.78,-45.36,22.33,78,3,2.64,1585384371
2206939,Bluff,NZ,-46.6,168.33,10,86,2,0.45,1585384371
3650721,Tena,EC,-0.98,-77.82,22.46,58,100,1.66,1585384372
1246294,Galle,LK,6.04,80.22,29.47,64,14,2.07,1585384372
5380437,Pacific Grove,US,36.62,-121.92,9.44,81,20,0.85,1585384313
3451138,Rio Grande,BR,-32.03,-52.1,22.47,80,100,8.1,1585384372
3421765,Nanortalik,GL,60.14,-45.24,2.72,79,100,16.13,1585384373
4032243,Vaini,TO,-21.2,-175.2,26,83,75,3.1,1585384373
4031574,Provideniya,RU,64.38,-173.3,-16.91,86,39,5.56,1585384373
2460755,Bafoulabé,ML,13.81,-10.83,31.79,17,67,2.94,1585384373
3393115,Paracuru,BR,-3.41,-39.03,26,88,40,3.6,1585384279
2264557,Ponta do Sol,PT,32.67,-17.1,15,77,40,2.6,1585384374
3576663,Laborie,LC,13.75,-60.98,23.89,75,3,1.79,1585384374
6111862,Port Hardy,CA,50.7,-127.42,7,93,75,2.6,1585384374
2191562,Dunedin,NZ,-45.87,170.5,10.56,71,68,2.17,1585384137
4020109,Atuona,PF,-9.8,-139.03,27.52,75,38,7.87,1585384375
3372707,Ribeira Grande,PT,38.52,-28.7,13,87,75,3.6,1585384375
3430863,Mar del Plata,AR,-38,-57.56,20,100,90,1.5,1585384140
2246901,Oussouye,SN,12.48,-16.55,22,73,74,3.1,1585384376
6167817,Torbay,CA,47.67,-52.73,0.56,96,90,6.2,1585384376
2155415,New Norfolk,AU,-42.78,147.06,22,46,65,6.2,1585384376
215605,Kabare,CD,-2.47,28.82,20.02,54,96,1.21,1585384376
2729907,Longyearbyen,SJ,78.22,15.64,-18,59,75,8.2,1585384376
4898433,Kewanee,US,41.25,-89.92,12.22,100,90,6.7,1585384377
2456917,Goundam,ML,16.41,-3.67,34.6,11,68,5.47,1585384377
2092164,Lorengau,PG,-2.02,147.27,28.46,77,45,2.42,1585384377
2094027,Kieta,PG,-6.22,155.63,27.57,78,100,2.33,1585384377
3533556,Zaza del Medio,CU,22,-79.37,18.71,91,0,2.39,1585384378
6185377,Yellowknife,CA,62.46,-114.35,-26.67,68,5,2.1,1585384378
108410,Riyadh,SA,24.69,46.72,33,16,90,3.6,1585384220
2399697,Libreville,GA,0.39,9.45,30,74,20,1,1585384182
3445026,Vila Velha,BR,-20.33,-40.29,21.67,94,40,2.69,1585384378
5861897,Fairbanks,US,64.84,-147.72,-16,54,1,4.1,1585384260
3366880,Hermanus,ZA,-34.42,19.23,20,79,9,2.24,1585384379
4986020,Big Rapids,US,43.7,-85.48,6.11,86,90,2.6,1585384379
546105,Nikolskoye,RU,59.7,30.79,9,34,11,4,1585384379
2450173,Taoudenni,ML,22.68,-3.98,27.7,23,34,1.63,1585384379
6137462,Saint-Augustin,CA,51.23,-58.65,0.06,97,100,0.68,1585384380
5746545,Portland,US,45.52,-122.68,8.33,87,90,3.1,1585384161
5563839,Fortuna,US,40.6,-124.16,9,93,90,3.16,1585384380
1244926,Hambantota,LK,6.12,81.12,34,49,40,3.1,1585384380
2122090,Pevek,RU,69.7,170.31,-15.82,82,47,6.02,1585384381
110690,Faya,SA,18.39,42.45,23,38,99,9.3,1585384381
2109528,Buala,SB,-8.14,159.59,27.49,80,94,2.89,1585384381
2209055,Waddān,LY,29.16,16.14,24.07,18,9,5.83,1585384381
2447513,Arlit,NE,18.74,7.39,33.39,8,45,3.97,1585384382
2160735,Lakes Entrance,AU,-37.88,147.98,19.92,64,10,4.71,1585384382
3397967,Itaituba,BR,-4.28,-55.98,23.1,90,100,0.71,1585384382
2685750,Östersund,SE,63.18,14.64,0,63,20,8.7,1585384382
1486321,Yar-Sale,RU,66.83,70.83,-2.79,96,58,4.46,1585384383
5557293,Sitka,US,57.05,-135.33,1,96,90,1.5,1585384383
172515,Abu Samrah,SY,35.3,37.18,18.91,41,90,7.24,1585384383
2110227,Butaritari,KI,3.07,172.79,27.68,82,97,8.28,1585384383
3837702,San Fernando del Valle de Catamarca,AR,-28.47,-65.79,20,86,4,0.89,1585384384
1812754,Dingtao,CN,35.07,115.56,14.08,32,98,2.39,1585384384
2156643,Mount Gambier,AU,-37.83,140.77,28,39,100,3.1,1585384384
3652764,Puerto Ayora,EC,-0.74,-90.35,23.89,84,1,0.89,1585384384
3421982,Maniitsoq,GL,65.42,-52.9,-2.73,97,100,4.04,1585384384
964406,Port Shepstone,ZA,-30.74,30.45,25.2,56,12,8.24,1585384385
6050066,La Ronge,CA,55.1,-105.28,-4,92,90,3.6,1585384385
3383427,Nieuw Nickerie,SR,5.95,-56.98,25.46,85,71,3.37,1585384385
1855342,Nishihara,JP,26.18,127.76,24,94,90,5.7,1585384386
3347719,Luena,AO,-11.78,19.92,21,94,40,2.21,1585384180
3374210,São Filipe,CV,14.9,-24.5,20.69,74,57,7.36,1585384386
2077895,Alice Springs,AU,-23.7,133.88,34,16,0,4.1,1585384386
3421319,Nuuk,GL,64.18,-51.72,-2,92,100,7.7,1585384386
3733861,Curillo,CO,1.03,-75.92,23.07,88,93,0.53,1585384387
2121025,Srednekolymsk,RU,67.45,153.68,-5.79,88,100,4.96,1585384387
6170031,Tuktoyaktuk,CA,69.45,-133.04,-28.26,88,83,4.41,1585384387
2449066,Tombouctou,ML,20,-3,30.45,15,100,2.61,1585384388
2126199,Cherskiy,RU,68.75,161.3,-8.51,87,100,8.32,1585384388
3466704,Castro,BR,-24.79,-50.01,14.66,70,74,2.61,1585384388
492944,Sim,RU,54.99,57.7,2.03,82,100,2.91,1585384389
1214488,Meulaboh,ID,4.14,96.13,29.55,75,79,3.13,1585384389
2030065,Mandalgovi,MN,45.76,106.27,5.62,24,0,8.08,1585384389
5282297,Bethel,US,41.37,-73.41,8.33,60,1,2.1,1585384292
2381334,Atar,MR,20.52,-13.05,19.25,36,92,5.8,1585384389
2742416,Barcelos,PT,41.54,-8.62,12.22,61,92,3.6,1585384390
2446796,Bilma,NE,18.69,12.92,32.05,10,85,5.29,1585384170
527321,Mezen',RU,65.85,44.24,2.03,96,100,4.06,1585384390
4231997,Avera,US,33.19,-82.53,21.11,90,1,2.1,1585384390
2449893,Tessalit,ML,20.2,1.01,31.75,10,6,4.61,1585384391
3839307,Rawson,AR,-43.3,-65.1,17.26,58,0,5.55,1585384391
2013279,Vostok,RU,46.49,135.88,-6.94,87,100,4.52,1585384391
3382867,Totness,SR,5.88,-56.32,25.23,87,39,4.47,1585384391
1638775,Payo,ID,-3.75,103.64,31.26,62,72,1.75,1585384392
3860443,Comodoro Rivadavia,AR,-45.87,-67.5,15,51,100,3.6,1585384201
3194351,Novo Mesto,SI,45.8,15.17,12.22,70,84,2.1,1585384392
5983720,Iqaluit,CA,63.75,-68.51,-21.67,69,5,3.1,1585384392
2137773,Vao,NC,-22.67,167.48,24.2,78,49,10.78,1585384393
5354943,Half Moon Bay,US,37.46,-122.43,12,87,90,2.1,1585384393
5962442,Goderich,CA,43.75,-81.72,5.56,73,100,6.71,1585384184
4033077,Vaitape,PF,-16.52,-151.75,28.87,68,11,4.22,1585384394
3696183,Iquitos,PE,-3.75,-73.25,24,94,75,4.1,1585384395
4035715,Avarua,CK,-21.21,-159.78,25,88,40,1,1585384278
1106677,Bambous Virieux,MU,-20.34,57.76,30,70,40,2.6,1585384395
1501365,Kupino,RU,54.37,77.3,-0.89,96,53,5.61,1585384395
4032420,Neiafu,TO,-18.65,-173.98,26.95,80,17,6.7,1585384396
4499379,Wilmington,US,34.23,-77.94,19,93,1,3.1,1585384203
1630789,Pontianak,ID,-0.03,109.33,28.87,81,76,3.37,1585384396
4513583,Hamilton,US,39.18,-84.53,16.67,100,90,2.09,1585384396
1789647,Xichang,CN,27.9,102.26,22.98,25,89,4.71,1585384397
2157698,Mildura,AU,-34.2,142.15,28.33,40,97,1.34,1585384397
1337607,Kudahuvadhoo,MV,2.67,72.89,28.91,63,9,3.59,1585384397
6089245,Norman Wells,CA,65.28,-126.83,-36,73,5,2.1,1585384397
662541,Voiceşti,RO,44.6,24.28,12.22,53,25,1.5,1585384398
5882953,Aklavik,CA,68.22,-135.01,-25,57,5,1.2,1585384398
1518262,Temirtau,KZ,50.05,72.95,2,59,75,7,1585384398
986717,Kruisfontein,ZA,-34,24.73,26.38,26,28,2.08,1585384399
3443061,Chui,UY,-33.7,-53.46,21.44,81,100,5.45,1585384399
2027316,Ayan,RU,56.45,138.17,-8.17,86,97,6.18,1585384399
2176639,Batemans Bay,AU,-35.72,150.18,21.11,74,100,4.47,1585384399
3353383,Rundu,NA,-17.93,19.77,22,68,96,3.1,1585384399
2138522,Poya,NC,-21.35,165.15,24.38,81,22,6.95,1585384400
6063191,Mackenzie,CA,55.3,-123.17,-10,85,90,1.5,1585384400
3416888,Grindavik,IS,63.84,-22.43,1,69,75,3.6,1585384400
1850523,Tateyama,JP,34.98,139.87,15,87,75,10.3,1585384400
4036284,Alofi,NU,-19.06,-169.92,25,94,2,1,1585384401
1538641,Kedrovyy,RU,56.17,91.82,1,74,40,7,1585384401
3598787,Champerico,GT,14.3,-91.92,25.79,76,3,2.88,1585384401
964432,Port Alfred,ZA,-33.59,26.89,20.56,78,43,0.89,1585384401
2012593,Zeya,RU,53.75,127.27,-4.44,90,73,2.21,1585384383
4470244,Havelock,US,34.88,-76.9,18,93,1,3.32,1585384402
2112802,Hasaki,JP,35.73,140.83,11.11,87,75,7.2,1585384402
945945,Upington,ZA,-28.45,21.26,29,18,0,5.7,1585384226
4031637,Lavrentiya,RU,65.58,-171,-17.71,87,62,5.94,1585384402
3418910,Upernavik,GL,72.79,-56.15,-8.26,96,100,16.43,1585384403
2313002,Matadi,CD,-5.82,13.45,31.34,62,53,0.53,1585384404
3456944,Mongaguá,BR,-24.09,-46.62,23.89,88,20,1.5,1585384167
3137469,Sørland,NO,67.67,12.69,-1.71,87,100,14.2,1585384404
2123814,Leningradskiy,RU,69.38,178.42,-25.06,82,0,5.9,1585384146
2184707,Wanaka,NZ,-44.7,169.15,7.78,62,77,0.45,1585384405
4791259,Virginia Beach,US,36.85,-75.98,15.56,93,90,4.6,1585384319
3386213,Touros,BR,-5.2,-35.46,24,94,40,2.1,1585384406
2638419,Scarborough,GB,54.28,-0.4,8,81,25,6.2,1585384170
2180815,Tuatapere,NZ,-46.13,167.68,10,86,3,0.45,1585384406
2278158,Buchanan,LR,5.88,-10.05,25,94,75,0.6,1585384406
2138555,Poum,NC,-20.23,164.02,26.29,76,94,8.54,1585384406
56166,Jilib,SO,0.49,42.79,35.84,40,60,3.66,1585384407
3374333,Praia,CV,14.92,-23.51,21,64,75,7.7,1585384342
5710035,West Wendover,US,40.74,-114.07,2,59,75,1.63,1585384407
3517970,Pochutla,MX,15.74,-96.47,25.94,61,0,4.62,1585384407
5851349,Nānākuli,US,21.39,-158.15,25,100,1,4.73,1585384407
3470137,Belmonte,BR,-15.86,-38.88,22,88,20,3.1,1585384408
2128975,Nemuro,JP,43.32,145.57,4,48,75,3.6,1585384408
191038,Kitui,KE,-1.37,38.01,20.55,67,100,2.46,1585384408
496934,Serdobsk,RU,52.46,44.22,3.73,88,100,3.88,1585384409
5847411,Kahului,US,20.89,-156.47,22,68,1,3.1,1585384383
3522804,Naranjos,MX,21.35,-97.68,22.59,92,15,2.73,1585384409
1623197,Tual,ID,-5.67,132.75,28.72,75,100,3.67,1585384410
2037485,Erenhot,CN,43.65,111.98,6.83,27,0,4.41,1585384410
1078553,Ampanihy,MG,-24.7,44.75,30.31,50,18,3.68,1585384410
315367,Erzurum Province,TR,40,41.5,5,80,75,6.2,1585384410
2192362,Christchurch,NZ,-43.53,172.63,12.22,81,9,2.1,1585383800
4845585,Westport,US,41.14,-73.36,9.44,60,1,3.1,1585384289
3461724,Gurupi,BR,-11.73,-49.07,22.27,87,100,0.79,1585384121
2980080,Saint-François,FR,46.42,3.91,8.33,80,90,1,1585384412
3377301,Mabaruma,GY,8.2,-59.78,23.2,90,63,1.69,1585384412
1006984,East London,ZA,-33.02,27.91,23,60,17,4.6,1585384413
1175365,Kalabagh,PK,32.97,71.56,20.58,50,52,1.57,1585384413
1267390,Kavaratti,IN,10.57,72.64,32,70,20,2.1,1585384413
5870133,Nome,US,64.5,-165.41,-13.04,92,100,4.44,1585384413
557140,Il’inskiy,RU,55.62,38.12,16,41,63,1,1585384414
5268253,Racine,US,42.75,-88.08,7.22,93,90,3.68,1585384414
6067472,Marystown,CA,47.17,-55.15,-0.74,96,73,6.49,1585384414
2126123,Chokurdakh,RU,70.63,147.92,-15.59,93,100,0.7,1585384414
2618814,Kjellerup,DK,56.29,9.44,8.33,70,22,6.2,1585384414
1512101,Agirish,RU,61.92,63.02,3.36,70,39,5.07,1585384415
1151063,Pran Buri,TH,12.38,99.91,33,66,13,6.7,1585384415
5044290,Saint Anthony,US,45.02,-93.22,9,81,90,2.1,1585384415
64814,Bandarbeyla,SO,9.49,50.81,28.42,63,60,5.51,1585384415
1503037,Kodinsk,RU,58.69,99.18,0.66,84,97,5.2,1585384415
340358,Dabat,ET,12.98,37.77,27.76,6,87,1.3,1585384416
3874579,Purranque,CL,-40.92,-73.17,10,100,90,0.5,1585384416
1622318,Waingapu,ID,-9.66,120.26,29.02,72,100,0.43,1585384416
3440777,Rocha,UY,-34.48,-54.33,19.04,90,100,3.83,1585384417
1168312,Pasni,PK,25.26,63.47,27.84,39,0,5.18,1585384417
2158767,Mareeba,AU,-17,145.43,27,74,59,2.6,1585384417
2014718,Tynda,RU,55.17,124.72,-5.71,90,100,2.98,1585384323
2630299,Hofn,IS,64.25,-15.21,-1,79,0,1.65,1585384417
2270385,Camacha,PT,33.08,-16.33,16,77,40,4.1,1585384418
5866583,Saint Paul Harbor,US,57.79,-152.41,4,55,1,8.2,1585384418
3533462,Acapulco de Juárez,MX,16.86,-99.89,24,94,5,1,1585384298
3430443,Necochea,AR,-38.55,-58.74,20.56,96,26,2.24,1585384418
2028028,Aksha,RU,50.28,113.29,8.07,33,0,4.19,1585384419
2514651,Los Llanos de Aridane,ES,28.66,-17.92,17,55,20,2.31,1585384419
2281120,Tabou,CI,4.42,-7.35,28.77,74,34,2.08,1585384419
3423146,Ilulissat,GL,69.22,-51.1,-4,68,100,5.7,1585384419
2074865,Carnarvon,AU,-24.87,113.63,29,62,3,7.7,1585384419
3576994,Cockburn Town,TC,21.46,-71.14,24.62,75,0,5.71,1585384153
2012956,Yerbogachën,RU,61.28,108.01,-1.12,88,100,5.69,1585384420
2013639,Verkhnevilyuysk,RU,63.45,120.32,-7.92,94,100,1.51,1585384420
3373652,Oistins,BB,13.07,-59.53,25,78,40,5.7,1585384420
286621,Salalah,OM,17.02,54.09,28,65,75,4.1,1585384420
3369174,Calvinia,ZA,-31.47,19.78,24,19,0,2.6,1585384421
3663516,Mâncio Lima,BR,-7.61,-72.9,22.82,91,100,1.01,1585384421
1496511,Novy Urengoy,RU,66.08,76.63,-7.42,96,3,4.56,1585384421
2965402,Clonakilty,IE,51.62,-8.87,7.78,70,4,4.6,1585384421
6613142,Vincennes,FR,48.85,2.43,8.33,75,14,3.1,1585384204
3994469,Ojinaga,MX,29.57,-104.42,20,19,1,9.3,1585384422
4013679,Coahuayana Viejo,MX,18.73,-103.68,22.68,40,0,1.33,1585384422
2112309,Katsuura,JP,35.13,140.3,14.44,87,75,10.3,1585384422
3883457,Lebu,CL,-37.62,-73.65,12.56,89,1,1.78,1585384422
4944903,Nantucket,US,41.28,-70.1,2.78,74,1,1.5,1585384217
1862505,Hirara,JP,24.8,125.28,23,83,75,7.2,1585384423
3435217,Corrientes,AR,-27.48,-58.83,21.67,94,76,1,1585384423
211647,Lodja,CD,-3.48,23.43,31.47,44,90,1.44,1585384424
1495385,Pelym,RU,61.01,62,5.24,66,78,4.11,1585384424
550902,Kez,RU,57.9,53.72,5.03,78,91,3.26,1585384424
2214827,Mizdah,LY,31.45,12.98,22.32,17,0,5.19,1585384424
1328421,Pathein,MM,16.78,94.73,32.81,42,58,5.99,1585384424
3855065,General Roca,AR,-39.03,-67.58,17,55,0,1,1585384425
5059429,Grand Forks,US,47.93,-97.03,-2,85,90,1.8,1585384128
3347019,Mossamedes,AO,-15.2,12.15,23,94,37,3.68,1585384425
2208248,Kaitangata,NZ,-46.28,169.85,10.56,76,5,1.34,1585384425
1629965,Tanete,ID,-3.94,119.78,27.64,81,100,2.67,1585384188
4103957,Cabot,US,34.97,-92.02,23,78,40,3.1,1585384391
935248,Sainte-Suzanne,RE,-20.91,55.61,30,70,27,2.6,1585384426
3146487,Raudeberg,NO,61.99,5.14,1.67,86,100,7.7,1585384426
1257298,Sapatgrām,IN,26.33,90.11,37.49,18,0,7.61,1585384426
3372472,Vila Franca do Campo,PT,37.72,-25.43,14,76,20,4.1,1585384427
3372760,Praia da Vitória,PT,38.73,-27.07,12,93,90,8.75,1585384427
1169607,Muzaffarabad,PK,34.37,73.47,17.03,44,91,1.6,1585384256
1067565,Beloha,MG,-25.17,45.05,30.13,53,17,4.58,1585384427
2070998,Geraldton,AU,-28.77,114.6,24,57,90,6.7,1585384428
3868633,Vallenar,CL,-28.57,-70.76,12.82,58,0,0.27,1585384428
3092472,Malbork,PL,54.04,19.03,12.22,53,7,0.5,1585384428
2510573,Teguise,ES,29.06,-13.56,17,77,20,2.6,1585384428
2136825,Isangel,VU,-19.55,169.27,26.29,81,76,8.43,1585384428
3441890,Departamento de Maldonado,UY,-34.67,-54.92,21,88,99,4.1,1585384429
1731248,Alugan,PH,12.22,125.48,27.61,72,83,3.25,1585384429
2093846,Kiunga,PG,-6.12,141.29,25.44,95,100,0.44,1585384429
2639323,Ripon,GB,54.14,-1.52,8,81,26,6.7,1585384429
1488903,Turukhansk,RU,65.82,87.98,-1.76,97,99,3.88,1585384430
583345,Aleksandrov Gay,RU,50.15,48.57,8.45,69,100,5.09,1585384430
3051718,Harkány,HU,45.85,18.24,14,44,96,1.5,1585384430
2021031,Kyren,RU,51.68,102.14,4.22,48,94,2.54,1585384430
3466165,Cidreira,BR,-30.18,-50.21,22.03,81,100,7.73,1585384430
1264409,Mahbūbābād,IN,17.62,80.02,39.45,19,0,1.15,1585384431
2297505,Navrongo,GH,10.9,-1.09,34.68,23,8,1.79,1585384431
217745,Bumba,CD,2.18,22.47,30.26,50,100,2.42,1585384139
3424607,Tasiilaq,GL,65.61,-37.64,-4,58,100,1.5,1585384431
3453837,Pindamonhangaba,BR,-22.92,-45.46,15.4,78,7,1.05,1585384411
2129376,Kushiro,JP,42.98,144.37,5,30,20,6.2,1585384432
4255151,Bud,US,39.45,-86.18,17.22,87,90,4.6,1585384432
2119538,Yelizovo,RU,53.19,158.38,1,100,90,6,1585384432
2400547,Gamba,GA,-2.65,10,28.48,77,71,1.71,1585384432
2034754,Shunyi,CN,40.12,116.65,16.11,11,0,3,1585384432
488466,Staroye Drozhzhanoye,RU,54.73,47.57,7.21,82,100,2.3,1585384433
2315026,Kasongo-Lunda,CD,-6.47,16.82,31.88,46,91,0.47,1585384433
3938415,Ilo,PE,-17.64,-71.34,22.1,77,93,3.38,1585384433
337152,Gebre Guracha,ET,9.8,38.4,24.3,14,64,1.81,1585384433
6100069,Peace River,CA,56.25,-117.29,-17,70,90,6.2,1585384434
3463762,Estrela,BR,-28.06,-50.94,14.04,73,97,2.12,1585384152
2171085,Coffs Harbour,AU,-30.3,153.13,22,88,75,2.1,1585384434
3932145,Pisco,PE,-13.7,-76.22,21,88,90,3.6,1585384434
1267433,Kattivākkam,IN,13.22,80.32,32,55,20,5.7,1585384435
1643837,Gorontalo,ID,0.54,123.06,28.91,72,82,0.3,1585384153
3355672,Lüderitz,NA,-26.65,15.16,19,55,0,4.1,1585384435
4945486,North Adams,US,42.7,-73.11,1.11,86,1,0.52,1585384436
1853483,Oyama,JP,36.3,139.8,14.44,93,90,8.7,1585384436
2026786,Berezovyy,RU,51.67,135.7,-5.27,80,46,4.42,1585384436
3985168,San Patricio,MX,19.22,-104.7,22.21,55,9,2.18,1585384437
3892454,Diego de Almagro,CL,-26.37,-70.05,9.85,58,1,0.1,1585384437
2094342,Kavieng,PG,-2.57,150.8,27.57,76,99,1.81,1585384437
5391295,Salinas,US,36.68,-121.66,10,81,20,0.24,1585384437
1732945,Cukai,MY,4.25,103.42,32,74,20,3.6,1585384438
2035410,Qian’an,CN,44.99,124.06,6.99,41,0,5.16,1585384438
1733874,Beaufort,MY,5.35,115.75,31,74,75,2.6,1585384438
1805680,Jingdezhen,CN,29.29,117.21,8.37,78,100,2.91,1585384439
4350461,Carroll,US,39.55,-77.02,13,100,90,1.5,1585384439
1500485,Listvyagi,RU,53.68,86.95,0.97,79,97,4.68,1585384439
2389691,Batangafo,CF,7.3,18.28,34.89,35,98,3.34,1585384439
3393692,Itarema,BR,-2.92,-39.92,24.62,91,47,2.97,1585384440
2374583,Bubaque,GW,11.28,-15.83,24.89,54,35,6.12,1585384440
53157,Qandala,SO,11.47,49.87,30.05,56,93,5.08,1585384440
748870,Çubuk,TR,40.24,33.03,11,87,75,2.1,1585384440
3842670,Olavarría,AR,-36.89,-60.32,18.89,95,30,2.1,1585384441
6166142,Thunder Bay,CA,48.4,-89.32,-1.11,100,20,1.5,1585384203
3465228,Coxim,BR,-18.51,-54.76,22.61,87,40,1.83,1585384441
602913,Skellefteå,SE,64.75,20.95,2,43,0,9.8,1585384441
2109701,Auki,SB,-8.77,160.7,27.57,80,98,5.66,1585384442
2322495,Tari,NG,12.41,4.49,35.81,9,1,3.86,1585384442
3520994,Puerto Escondido,MX,15.85,-97.07,25.11,68,0,2.71,1585384442
529505,Manturovo,RU,58.34,44.76,9.27,61,97,3.43,1585384443
3454061,Peruíbe,BR,-24.32,-47,22.34,79,7,2.44,1585384443
1812521,Donghai,CN,22.95,115.64,23.33,67,88,1.34,1585384443
3698359,Chicama,PE,-7.84,-79.15,23.02,71,98,1.23,1585384443
2022317,Khor,RU,47.89,134.95,-1.26,78,100,4.32,1585384444
2294915,Takoradze,GH,4.88,-1.76,29.06,73,11,2.16,1585384211
1895695,Kushima,JP,31.46,131.23,15,93,90,2.1,1585384444
3455029,Paratinga,BR,-12.69,-43.18,21,94,57,1.5,1585384444
5554428,Ketchikan,US,55.34,-131.65,4,93,90,1.5,1585384435
2618795,Klaksvík,FO,62.23,-6.59,2,59,84,3.6,1585384445
610091,Chingirlau,KZ,51.09,54.08,7.14,66,96,3.15,1585384445
1491230,Sovetskiy,RU,61.36,63.58,3.57,71,90,4.68,1585384445
2122605,Okhotsk,RU,59.38,143.3,-4.11,95,100,4.51,1585384445
300808,Silifke,TR,36.38,33.93,17.67,60,30,3.66,1585384445
2688250,Norrtälje,SE,59.76,18.7,8.33,56,13,5.1,1585384361
3911925,La Paz,BO,-16.5,-68.15,5,93,75,2.6,1585384270
3336897,La Rioja,ES,42.25,-2.5,5,86,18,2.6,1585384446
3393536,Olinda,BR,-8.01,-34.86,26,88,40,2.1,1585384446
533933,Lovozero,RU,68,35.01,1.17,90,100,4.83,1585384446
3835869,Santiago del Estero,AR,-27.8,-64.26,17.84,90,8,1.8,1585384447
5530022,San Angelo,US,31.46,-100.44,22.22,73,20,5.7,1585384447
3347353,Menongue,AO,-14.66,17.69,21.51,55,92,2.77,1585384447
3663475,Maraã,BR,-1.83,-65.37,23.55,91,100,0.72,1585384447
2293549,Abengourou,CI,6.73,-3.5,28.28,69,17,1.85,1585384448
1255816,Sompeta,IN,18.93,84.6,34.66,41,0,4.71,1585384448
3471451,Arraial do Cabo,BR,-22.97,-42.03,23.84,77,0,3.63,1585384448
4565346,Hatillo,PR,18.49,-66.83,23.89,100,1,3.13,1585384448
1260206,Pāsighāt,IN,28.07,95.33,25.65,54,92,0.41,1585384449
1513990,Gazli,UZ,40.13,63.45,16.64,24,0,1.4,1585384449
2108857,Gizo Government Station,SB,-8.1,156.84,28.54,73,88,2.67,1585384449
2152659,Port Macquarie,AU,-31.43,152.92,20.56,82,75,5.7,1585384395
2142316,Yeppoon,AU,-23.13,150.73,26,69,6,5.1,1585384450
3623601,Guácimo,CR,10.21,-83.68,20,60,5,4.6,1585384450
1688781,City of San Pedro,PH,14.35,121.02,34,38,20,5.7,1585384450
2120591,Tilichiki,RU,60.47,166.1,-10.25,95,97,2.34,1585384451
2516542,Huercal Overa,ES,37.39,-1.95,4.44,99,94,2.12,1585384451
53654,Mogadishu,SO,2.04,45.34,32,59,20,5.1,1585384257
3386467,Terra Santa,BR,-2.1,-56.49,23.56,95,100,1.17,1585384452
1526038,Atbasar,KZ,51.8,68.33,0.01,87,35,3.71,1585384452
1529660,Aksu,CN,41.12,80.26,15.25,19,100,1.95,1585384396
1687894,Santa Rosa,PH,14.31,121.11,34,38,20,5.7,1585384273
2620134,Holeby,DK,54.71,11.46,8.89,53,0,1.79,1585384452
1852357,Shimoda,JP,34.67,138.95,19.44,82,75,5.1,1585384453
339551,Dejen,ET,10.17,38.13,25.33,13,51,0.37,1585384453
3939168,Huarmey,PE,-10.07,-78.15,23.15,78,100,1.58,1585384453
686090,Asău,RO,46.43,26.4,12.22,49,36,4.6,1585384454
687557,Zatoka,UA,46.07,30.47,11,40,2,5,1585384454
1500399,Lokosovo,RU,61.13,74.82,-0.62,96,99,5.89,1585384454
1068971,Antsohihy,MG,-14.88,47.99,27.19,81,96,1.12,1585384454
6620339,Karratha,AU,-20.74,116.85,34.27,43,63,5.96,1585384455
1790437,Zhuhai,CN,22.28,113.57,24,88,40,2.1,1585384455
2686162,Oskarshamn,SE,57.26,16.45,9.44,60,0,1.5,1585384443
2654970,Brae,GB,60.4,-1.35,4,72,41,11.8,1585384455
2022773,Khandyga,RU,62.67,135.6,-12.82,93,100,0.42,1585384456
3437056,San Lorenzo,PY,-25.33,-57.53,22,83,75,2.52,1585384456
5826559,Green River,US,41.53,-109.47,-6,79,1,8.7,1585384456
3020850,Draguignan,FR,43.53,6.47,15.56,54,46,4.1,1585384456
3139597,Sistranda,NO,63.73,8.83,2,55,75,11.3,1585384457
778707,Mehamn,NO,71.04,27.85,-2.47,93,100,12.16,1585384457
3899695,Ancud,CL,-41.87,-73.82,10,100,100,2.6,1585384457
1632694,Pangkalanbuun,ID,-2.68,111.62,28.34,78,96,1.93,1585384457
1529195,Shihezi,CN,44.3,86.03,12.88,28,29,1.87,1585384457
3792394,Mapiripán,CO,2.89,-72.13,25.38,70,83,0.41,1585384458
5524849,Lamesa,US,32.74,-101.95,14,24,40,11.3,1585384458
3522526,Nuevo Progreso,MX,23.17,-97.95,22.78,95,12,1.63,1585384458
2036973,Heihe,CN,50.24,127.49,3,27,20,5,1585384458
102527,Sakakah,SA,29.97,40.21,23,40,20,3.1,1585384459
1507116,Dudinka,RU,69.41,86.18,-12,85,40,5,1585384325
5134295,Rome,US,43.21,-75.46,0.56,86,1,1.5,1585384445
4787534,Sterling,US,39.01,-77.43,12.78,93,90,3.6,1585384459
3661944,Tefé,BR,-3.35,-64.71,23.57,96,99,0.92,1585384459
2027296,Aykhal,RU,66,111.5,-8,78,75,3,1585384460
1174451,Keti Bandar,PK,24.14,67.45,26.62,57,0,6.97,1585384460
535839,Leshukonskoye,RU,64.9,45.76,1.72,95,100,3.78,1585384460
5955902,Fort Nelson,CA,58.81,-122.7,-20,70,75,3.1,1585384460
4021858,Guerrero Negro,MX,27.98,-114.06,13.98,72,0,5.37,1585384461
3374333,Praia,CV,14.92,-23.51,21,64,75,7.7,1585384441
3984997,San Quintín,MX,30.48,-115.95,12.11,68,0,3.01,1585384461
632978,Vaasa,FI,63.1,21.62,4,51,40,5.7,1585384461
2398073,Mouila,GA,-1.87,11.06,31.57,63,55,0.96,1585384461
2064735,Nhulunbuy,AU,-12.23,136.77,29,70,40,5.1,1585384462
1717550,Cayhagan,PH,9.67,122.43,29.65,71,88,3.45,1585384462
1650434,Bambanglipuro,ID,-7.95,110.28,29.16,74,100,2.68,1585384462
1106643,Quatre Cocos,MU,-20.21,57.76,30,70,40,2.6,1585384463
2023778,Gusinoye Ozero,RU,51.11,106.26,6.38,43,2,0.25,1585384463
1806445,Ji’an,CN,27.12,114.98,11.78,75,98,2.94,1585384225
1214026,Sabang,ID,5.89,95.32,29.42,68,26,3.58,1585384463
5924351,Clyde River,CA,70.47,-68.59,-11,66,1,9.3,1585384463
2119283,Zyryanka,RU,65.75,150.85,-3.9,91,100,9.23,1585384464
1513087,Nurota,UZ,40.56,65.69,17,12,0,2.1,1585384464
3374083,Bathsheba,BB,13.22,-59.52,25,78,40,5.7,1585384464
556268,Ostrovnoy,RU,68.05,39.51,1.1,94,96,7.5,1585384464
214389,Kaniama,CD,-7.57,24.18,25.99,60,89,0.8,1585384465
1492607,Severnoye,RU,56.35,78.36,0,90,99,5.18,1585384465
1856392,Muroto-misakicho,JP,33.28,134.15,14,82,75,8.2,1585384465
7671223,Kloulklubed,PW,7.04,134.26,28,78,90,4.1,1585384465
2016307,Solnechnyy,RU,50.72,136.63,-6.49,86,86,2.63,1585384466
2090021,Namatanai,PG,-3.67,152.43,27.64,74,100,1.01,1585384466
3838793,Río Tercero,AR,-32.17,-64.11,15.29,84,5,2.17,1585384466
3869716,Tocopilla,CL,-22.09,-70.2,19.91,44,27,1.03,1585384466
3664716,Canutama,BR,-6.53,-64.38,23.58,96,100,1.08,1585384466
2436400,Ati,TD,13.22,18.34,38.82,9,49,6.42,1585384467
1637001,Luwuk,ID,-0.95,122.79,29.07,72,100,1.82,1585384467
1645528,Denpasar,ID,-8.65,115.22,30,84,40,3.6,1585384292
1242110,Kalmunai,LK,7.42,81.82,29.96,61,73,4.18,1585384468
520798,Nizhniy Baskunchak,RU,48.22,46.83,15.65,31,73,6.05,1585384468
5265702,Onalaska,US,43.88,-91.24,7,93,90,2.6,1585384468
5367788,Lompoc,US,34.64,-120.46,8.89,86,1,4.1,1585384468
293842,Kiryat Gat,IL,31.61,34.76,20.56,64,40,5.7,1585384468
1175296,Kalat,PK,29.02,66.59,13.84,18,9,5.49,1585384469
780687,Berlevåg,NO,70.86,29.09,-1.35,97,100,14.36,1585384469
1505529,Irbeyskoye,RU,55.64,95.45,2.15,72,94,6.47,1585384469
6316343,Alta Floresta,BR,-9.88,-56.09,20.88,90,99,0.95,1585384469
2360541,Gayéri,BF,12.65,0.49,34.76,8,58,4.67,1585384470
4007812,El Rosario,MX,24.26,-107.18,16.11,88,62,0.45,1585384470
477940,Ust-Tsilma,RU,65.44,52.15,1.23,91,100,3.79,1585384470
1734971,Pekan,MY,3.48,103.4,32,75,40,2.6,1585384470
3897347,Calama,CL,-22.47,-68.93,8,65,0,7.2,1585384471
6541257,Monopoli,IT,40.96,17.29,14,71,40,2.6,1585384471
1860335,Kamogatachō-kamogata,JP,34.53,133.58,10,93,75,2.1,1585384471
5563397,Eureka,US,40.8,-124.16,9,87,90,1.5,1585384325
2864435,Neunkirchen,DE,49.35,7.18,12.22,57,56,4.1,1585384472
2027740,Amurzet,RU,47.7,131.1,1.53,66,42,4.46,1585384472
2146108,Traralgon,AU,-38.18,146.53,22.78,55,78,1.34,1585384472
1809858,Guangzhou,CN,23.12,113.25,23.89,53,75,5,1585384472
1254709,Tezu,IN,27.92,96.17,25.99,49,96,0.05,1585384472
293992,Ofakim,IL,31.31,34.62,20.56,27,72,0.45,1585384473
964712,Plettenberg Bay,ZA,-34.05,23.37,23.52,36,3,4.02,1585384473
863061,Usinsk,RU,65.99,57.53,-0.18,96,100,7.3,1585384473
2025456,Chernyshevskiy,RU,63.01,112.47,-3.36,92,100,4.21,1585384473
4453035,Asheboro,US,35.71,-79.81,20,88,1,1.6,1585384474
2178753,Kirakira,SB,-10.45,161.92,27.9,76,99,0.9,1585384474
6539213,Pachino,IT,36.72,15.09,15,81,40,2.1,1585384474
995573,Hoopstad,ZA,-27.83,25.91,25.77,21,9,5.05,1585384474
3981432,Todos Santos,MX,23.45,-110.22,19.44,73,23,6.19,1585384475
724784,Giraltovce,SK,49.11,21.52,12.22,40,14,3.6,1585384475
1516048,Khovd,MN,48.01,91.64,5.77,26,0,2.17,1585384475
3887127,Iquique,CL,-20.22,-70.14,19,68,23,2.1,1585384404
1803834,Liaocheng,CN,36.44,115.96,14.77,26,78,1.26,1585384475
3396016,Macapá,BR,0.04,-51.07,25,100,90,2.1,1585384295
2396853,Omboué,GA,-1.57,9.26,29.3,75,69,3.48,1585384476
1580240,Hue,VN,16.47,107.6,32,66,20,3.6,1585384269
1229989,Point Pedro,LK,9.82,80.23,28.5,65,52,5.6,1585384298
2640101,Poole,GB,50.72,-2,8.33,70,33,7.2,1585384477
3983805,Santa Rosalía,MX,27.32,-112.28,14.15,46,0,5.34,1585384477
3899539,Antofagasta,CL,-23.65,-70.4,15,93,20,3.6,1585384477
5916706,Carberry,CA,49.87,-99.36,-5,92,5,1,1585384477
218680,Boende,CD,-0.22,20.87,30.62,51,99,1.92,1585384477
2126710,Beringovskiy,RU,63.05,179.32,-16.12,87,0,6.21,1585384478
4946620,Palmer,US,42.16,-72.33,4.44,86,1,0.88,1585384478
3942259,Coracora,PE,-15.03,-73.78,9.39,31,100,0.17,1585384478
2229798,Kousséri,CM,12.08,15.03,35,10,4,5.7,1585384478
2646557,Horsham,GB,51.06,-0.33,8.33,70,55,5.7,1585384403
139223,Chālūs,IR,36.66,51.42,14,82,40,3.1,1585384479
2229752,Kumba,CM,4.64,9.45,29.89,65,97,0.63,1585384479
156963,Kishapu,TZ,-3.62,33.87,20.55,61,99,3.3,1585384479
5914132,Campbell River,CA,50.02,-125.24,8,93,90,5.1,1585384480
3853510,Jesús María,AR,-30.98,-64.09,17.78,100,20,3.1,1585384480
2194098,Ahipara,NZ,-35.17,173.17,15.97,75,0,5.34,1585384480
3094633,Krosno Odrzańskie,PL,52.05,15.1,11.67,61,0,1,1585384481
3929611,San Jerónimo,PE,-11.95,-75.28,8.87,28,100,1.47,1585384481
3394023,Natal,BR,-5.79,-35.21,24,100,75,2.1,1585384393
3446880,Tapes,BR,-30.67,-51.4,20.99,86,100,4.21,1585384482
634093,Tornio,FI,65.85,24.15,3,44,0,8.2,1585384482
961226,Ritchie,ZA,-29.04,24.6,22,64,0,8.2,1585384482
2121373,Seymchan,RU,62.88,152.43,-4.27,92,100,1.83,1585384482
962367,Richards Bay,ZA,-28.78,32.04,25.62,59,5,6.06,1585384483
1698289,Pundaguitan,PH,6.37,126.17,27.87,75,100,6.24,1585384483
1795632,Shenjiamen,CN,29.96,122.3,9.1,76,100,11.19,1585384483
1607730,Phibun Mangsahan,TH,15.24,105.23,39,33,20,2.1,1585384483
2643044,Margate,GB,51.38,1.39,10.56,75,21,6.7,1585384375
2063056,Port Augusta,AU,-32.5,137.77,31,10,99,5.1,1585384484
509026,Plesetsk,RU,62.71,40.29,5.4,69,100,5.27,1585384484
333795,Jijiga,ET,9.35,42.8,24.54,28,100,1.45,1585384484
1502073,Krasnosel'kup,RU,65.7,82.47,-5.35,96,100,8.27,1585384484
1497337,Kayerkan,RU,69.35,87.76,-12,85,40,5,1585384485
151479,Njombe,TZ,-9.33,34.77,22.75,37,95,1.83,1585384485
149854,Sirari,TZ,-1.23,34.43,18.11,61,100,1.64,1585384485
2013923,Ust'-Kut,RU,56.79,105.77,0.81,79,100,4.84,1585384486
2304548,Anloga,GH,5.79,0.9,29,74,20,4.6,1585384486
3372783,Ponta Delgada,PT,37.73,-25.67,14,76,20,4.1,1585384486
3353871,Otjimbingwe,NA,-22.35,16.13,30.82,17,0,2.88,1585384487
1498283,Mugur-Aksy,RU,50.35,90.5,-2.47,39,40,2.58,1585384487
4035249,Lufilufi,WS,-13.87,-171.6,26.67,88,87,1.34,1585384487
3385077,Conde,BR,-7.26,-34.91,24,100,40,1.5,1585384487
2326168,Ilesha,NG,7.14,5.26,29.17,63,75,2.08,1585384487
934649,Cap Malheureux,MU,-19.98,57.61,30,70,40,2.6,1585384488
2181625,Te Anau,NZ,-45.42,167.72,9.02,72,4,2.16,1585384488
347634,Ţahţā,EG,26.77,31.5,22,43,0,7.2,1585384488
3430340,Oberá,AR,-27.49,-55.12,21.32,56,100,1.04,1585384488
3354876,Okakarara,NA,-20.58,17.43,28.4,28,5,4.07,1585384489
539511,Kuli,RU,42.02,47.24,14,62,40,3.1,1585384489
738647,Trabzon Province,TR,40.92,39.83,10,93,75,0.33,1585384489
1737486,Bintulu,MY,3.17,113.03,28,88,75,3.03,1585384489
315621,Emirdağ,TR,39.02,31.15,9.39,55,100,5.38,1585384489
3393106,Paragominas,BR,-2.97,-47.48,22.37,95,100,1.01,1585384490
2511930,Requena,ES,39.49,-1.1,12.22,76,20,2.6,1585384490
5158275,Huron,US,41.15,-82.55,12.22,87,90,3.1,1585384203
2038446,Baoqing,CN,46.33,132.21,1.14,69,38,4.34,1585384490
1793899,Suicheng,CN,33.9,117.93,13.35,36,4,2.34,1585384491
3128174,Bermeo,ES,43.42,-2.72,10.56,81,42,2.1,1585384474
5364022,La Palma,US,33.85,-118.05,13.33,71,1,2.6,1585384491
1271883,Firozpur,IN,30.92,74.6,24,60,40,4.6,1585384491
694392,Shabo,UA,46.13,30.39,11,40,3,5,1585384492
3466750,Cassilândia,BR,-19.11,-51.73,20.78,83,100,1.93,1585384492
4465088,Elizabeth City,US,36.29,-76.25,16.11,93,90,1.5,1585384492
3435261,Concordia,AR,-31.39,-58.02,21.11,90,85,0.89,1585384492
5919850,Chapais,CA,49.78,-74.85,-19,77,1,1,1585384492
3601402,Savannah Bight,HN,16.45,-85.85,26.2,80,1,10.33,1585384493
3894426,Coyhaique,CL,-45.58,-72.07,7,87,20,1.5,1585384493
3663495,Manoel Urbano,BR,-8.84,-69.26,22.87,93,100,1.06,1585384493
2742765,Areosa,PT,41.72,-8.86,14.44,61,86,3.6,1585384493
1269153,Jatāra,IN,25.02,79.05,34.18,16,0,4.34,1585384494
258175,Lixouri,GR,38.2,20.43,16,93,75,2.1,1585384494
779350,Karasjok,NO,69.47,25.51,-3,79,100,26.2,1585384494
3402648,Carutapera,BR,-1.2,-46.02,26.11,84,97,3.41,1585384419
5847486,Kailua,US,21.4,-157.74,25,69,75,5.7,1585384494
4328010,Houma,US,29.6,-90.72,25,83,75,6.2,1585384495